C#,Java,Javascript
C++,F#,C#
C#,SQL,Python
C#,Objective-C,Java
C#,Visualbasic,Pascal
Java,C#,Scala
Java,Lisp,C++
C#,Java,Visualbasic
Ruby,C#,Java
C#,Java,SML
Python,C++,ML
Python,Matlab,Java
C#,Java,Actionscript
Cobol,Java
C#,Python,Java
C#,Java,F#
Ruby,Python,Haskell
C#,C++,Java
Java,PHP,C#
Java,VB
C#,F#,Python
PHP,C#,C
C++,Actionscript,Java
C#,Java,C++
Python,Java,c++
Python,Prolog,C
C#,F#,Java
C#,C,F#
C#,C,F#
C++,Java
C#,Java,C
Java,C#,Ruby
Python,C#,Java
Python,Objective-C,F#
Java,C#,C++
Java,Python,C#